{
  "benchmark_version": "ten-paper-benchmark-20260621-v1",
  "synthetic_rows": 384,
  "python_version": "3.13.5 (main, May  5 2026, 21:05:52) [GCC 14.2.0]",
  "measurements": [
    {
      "name": "existing_research_validation_before",
      "repeats": 7,
      "mean_ms": 611.9646711427516,
      "p50_ms": 610.011903999748,
      "p95_ms": 636.6648610999619,
      "min_ms": 584.7267200001625,
      "max_ms": 638.9617310001086,
      "peak_allocation_bytes_max": 764957,
      "peak_allocation_bytes_p95": 716160,
      "process_rss_delta_mb_mean": 0.3080357142857143,
      "process_rss_delta_mb_max": 1.15625,
      "serialized_payload_bytes": 21017
    },
    {
      "name": "ten_paper_layer_only",
      "repeats": 7,
      "mean_ms": 1109.082342428597,
      "p50_ms": 1109.2946199996732,
      "p95_ms": 1167.3298259001058,
      "min_ms": 1052.1754989999863,
      "max_ms": 1177.5268670003243,
      "peak_allocation_bytes_max": 2118195,
      "peak_allocation_bytes_p95": 2110655,
      "process_rss_delta_mb_mean": 0.8286830357142857,
      "process_rss_delta_mb_max": 4.55078125,
      "serialized_payload_bytes": 418687
    },
    {
      "name": "combined_after",
      "repeats": 7,
      "mean_ms": 1724.5434062859074,
      "p50_ms": 1730.0169100003586,
      "p95_ms": 1750.7380348002243,
      "min_ms": 1689.154570000028,
      "max_ms": 1750.8787360002316,
      "peak_allocation_bytes_max": 2182089,
      "peak_allocation_bytes_p95": 2181759,
      "process_rss_delta_mb_mean": 0.2265625,
      "process_rss_delta_mb_max": 1.0,
      "serialized_payload_bytes": 438792
    }
  ],
  "incremental_overhead_mean_ms": 1112.5787351431559,
  "before_database_write": {
    "write_time_ms": 20.116960999985167,
    "database_reads": 0,
    "inserts": 10,
    "updates": 0,
    "sql_other": 64,
    "database_bytes": 352256,
    "insert_result": {
      "conditional_predictive_ability_history": {
        "inserted": 0,
        "idempotent_ignored": 0
      },
      "research_spa_results": {
        "inserted": 0,
        "idempotent_ignored": 0
      },
      "covariate_shift_conformal_history": {
        "inserted": 6,
        "idempotent_ignored": 0
      },
      "fforma_shadow_history": {
        "inserted": 1,
        "idempotent_ignored": 0
      },
      "expert_weight_history": {
        "inserted": 0,
        "idempotent_ignored": 0
      },
      "expert_tracker_state": {
        "inserted": 0,
        "idempotent_ignored": 0
      },
      "expert_tracker_comparison": {
        "inserted": 0,
        "idempotent_ignored": 0
      },
      "ml_production_readiness_history": {
        "inserted": 1,
        "idempotent_ignored": 0
      },
      "sliding_monitoring_state": {
        "inserted": 1,
        "idempotent_ignored": 0
      },
      "bounded_quantile_monitoring_state": {
        "inserted": 1,
        "idempotent_ignored": 0
      }
    }
  },
  "ten_paper_database_write": {
    "write_time_ms": 108.10236099996473,
    "database_reads": 0,
    "inserts": 1029,
    "updates": 0,
    "sql_other": 69,
    "database_bytes": 1179648,
    "insert_result": {
      "model_x_knockoff_feature_history": {
        "inserted": 26,
        "idempotent_ignored": 0
      },
      "online_fdr_test_history": {
        "inserted": 1,
        "idempotent_ignored": 0
      },
      "online_fdr_state": {
        "inserted": 1,
        "idempotent_ignored": 0
      },
      "reject_option_history": {
        "inserted": 1,
        "idempotent_ignored": 0
      },
      "flexible_loss_history": {
        "inserted": 2,
        "idempotent_ignored": 0
      },
      "model_explanation_cache": {
        "inserted": 1,
        "idempotent_ignored": 0
      },
      "monotonicity_validation_history": {
        "inserted": 6,
        "idempotent_ignored": 0
      },
      "delta_maintenance_history": {
        "inserted": 1,
        "idempotent_ignored": 0
      },
      "exact_delta_state": {
        "inserted": 1,
        "idempotent_ignored": 0
      },
      "provenance_node": {
        "inserted": 473,
        "idempotent_ignored": 0
      },
      "provenance_edge": {
        "inserted": 472,
        "idempotent_ignored": 0
      },
      "metamorphic_test_history": {
        "inserted": 12,
        "idempotent_ignored": 0
      },
      "calm_operation_classification": {
        "inserted": 10,
        "idempotent_ignored": 0
      },
      "evidence_gate_history": {
        "inserted": 12,
        "idempotent_ignored": 0
      },
      "research_paper_run": {
        "inserted": 10,
        "idempotent_ignored": 0
      }
    }
  },
  "after_database_write": {
    "write_time_ms": 92.21437800033527,
    "database_reads": 0,
    "inserts": 1039,
    "updates": 0,
    "sql_other": 79,
    "database_bytes": 1196032,
    "insert_result": {
      "conditional_predictive_ability_history": {
        "inserted": 0,
        "idempotent_ignored": 0
      },
      "research_spa_results": {
        "inserted": 0,
        "idempotent_ignored": 0
      },
      "covariate_shift_conformal_history": {
        "inserted": 6,
        "idempotent_ignored": 0
      },
      "fforma_shadow_history": {
        "inserted": 1,
        "idempotent_ignored": 0
      },
      "expert_weight_history": {
        "inserted": 0,
        "idempotent_ignored": 0
      },
      "expert_tracker_state": {
        "inserted": 0,
        "idempotent_ignored": 0
      },
      "expert_tracker_comparison": {
        "inserted": 0,
        "idempotent_ignored": 0
      },
      "ml_production_readiness_history": {
        "inserted": 1,
        "idempotent_ignored": 0
      },
      "sliding_monitoring_state": {
        "inserted": 1,
        "idempotent_ignored": 0
      },
      "bounded_quantile_monitoring_state": {
        "inserted": 1,
        "idempotent_ignored": 0
      },
      "model_x_knockoff_feature_history": {
        "inserted": 26,
        "idempotent_ignored": 0
      },
      "online_fdr_test_history": {
        "inserted": 1,
        "idempotent_ignored": 0
      },
      "online_fdr_state": {
        "inserted": 1,
        "idempotent_ignored": 0
      },
      "reject_option_history": {
        "inserted": 1,
        "idempotent_ignored": 0
      },
      "flexible_loss_history": {
        "inserted": 2,
        "idempotent_ignored": 0
      },
      "model_explanation_cache": {
        "inserted": 1,
        "idempotent_ignored": 0
      },
      "monotonicity_validation_history": {
        "inserted": 6,
        "idempotent_ignored": 0
      },
      "delta_maintenance_history": {
        "inserted": 1,
        "idempotent_ignored": 0
      },
      "exact_delta_state": {
        "inserted": 1,
        "idempotent_ignored": 0
      },
      "provenance_node": {
        "inserted": 473,
        "idempotent_ignored": 0
      },
      "provenance_edge": {
        "inserted": 472,
        "idempotent_ignored": 0
      },
      "metamorphic_test_history": {
        "inserted": 12,
        "idempotent_ignored": 0
      },
      "calm_operation_classification": {
        "inserted": 10,
        "idempotent_ignored": 0
      },
      "evidence_gate_history": {
        "inserted": 12,
        "idempotent_ignored": 0
      },
      "research_paper_run": {
        "inserted": 10,
        "idempotent_ignored": 0
      }
    }
  },
  "claims": {
    "cpu_ram_reduction_claimed": false,
    "production_benefit_verified": false,
    "measurement_scope": "synthetic bounded evidence on this container"
  }
}