{
  "benchmark_version": "regime-trust-benchmark-20260621-v1",
  "synthetic_h1_rows": 768,
  "settled_prediction_rows": 180,
  "measurements": {
    "evidence_build_once_per_calculation": {
      "repeats": 20,
      "mean_ms": 79.10637010000983,
      "median_ms": 77.7171875000704,
      "p95_ms": 82.57683700003327,
      "min_ms": 75.18896700003097,
      "max_ms": 95.66649599992161
    },
    "cached_lunch_search_submission": {
      "repeats": 30,
      "mean_ms": 198.51941806666673,
      "median_ms": 200.22062899988669,
      "p95_ms": 230.81935300001533,
      "min_ms": 153.93850999998904,
      "max_ms": 281.7714379998506
    },
    "duckdb_first_incremental_write": {
      "repeats": 1,
      "mean_ms": 248.83374099999855,
      "median_ms": 248.83374099999855,
      "p95_ms": 248.83374099999855,
      "min_ms": 248.83374099999855,
      "max_ms": 248.83374099999855
    },
    "duckdb_duplicate_idempotent_write": {
      "repeats": 20,
      "mean_ms": 171.6700104500319,
      "median_ms": 171.6973185001507,
      "p95_ms": 190.45024699994428,
      "min_ms": 156.8357820001438,
      "max_ms": 191.70277499983968
    },
    "duckdb_projected_top5_transition_query": {
      "repeats": 30,
      "mean_ms": 60.10900773330832,
      "median_ms": 60.13966199998322,
      "p95_ms": 72.64655000017228,
      "min_ms": 46.07816299994738,
      "max_ms": 74.79488700005277
    }
  },
  "results": {
    "search_rows": 4,
    "transition_query_rows": 1,
    "first_insert": {
      "ok": true,
      "version": "regime-trust-store-20260621-v1",
      "tables": {
        "regime_transition_history": 1,
        "post_transition_outcome_history": 2,
        "prediction_calibration_history": 1,
        "drift_detector_history": 1,
        "decision_audit_history": 1
      },
      "updates": {
        "post_transition_outcome_history": 0
      },
      "path": "/tmp/tmphumac41d/benchmark.duckdb"
    },
    "duplicate_insert": {
      "ok": true,
      "version": "regime-trust-store-20260621-v1",
      "tables": {
        "regime_transition_history": 0,
        "post_transition_outcome_history": 0,
        "prediction_calibration_history": 0,
        "drift_detector_history": 0,
        "decision_audit_history": 0
      },
      "updates": {
        "post_transition_outcome_history": 0
      },
      "path": "/tmp/tmphumac41d/benchmark.duckdb"
    },
    "database_bytes": 4206592,
    "protected_regime_unchanged": true,
    "protected_decision_unchanged": true
  },
  "interpretation": "The evidence build runs only on Run Calculation. Search and projected DuckDB reads are lightweight cached/display paths and do not invoke the trading calculator."
}